{"cameraMode":{"drawMode":0,"name":"Shaded","section":"Shading Mode"},"sceneLighting":false,"audioPlay":false,"sceneViewState":{"showFog":true,"showMaterialUpdate":false,"showSkybox":false,"showFlares":true,"showImageEffects":true,"showParticleSystems":true},"in2DMode":false,"pivot":{"x":4.116652965545654,"y":-18.543575286865236,"z":-92.02317810058594},"rotation":{"x":-0.15752626955509187,"y":0.56800377368927,"z":-0.11184152215719223,"w":-0.8000304698944092},"size":123.07860565185547,"orthographic":false}