{"cameraMode":{"drawMode":0,"name":"Shaded","section":"Shading Mode"},"sceneLighting":false,"audioPlay":false,"sceneViewState":{"showFog":true,"showMaterialUpdate":false,"showSkybox":false,"showFlares":true,"showImageEffects":true,"showParticleSystems":true},"in2DMode":false,"pivot":{"x":-19.274188995361329,"y":-0.9353841543197632,"z":-58.40115737915039},"rotation":{"x":0.017656560987234117,"y":-0.060856159776449206,"z":-0.0010766632622107864,"w":-0.9979897737503052},"size":15.691802978515625,"orthographic":false}