{"cameraMode":{"drawMode":0,"name":"Shaded","section":"Shading Mode"},"sceneLighting":false,"audioPlay":false,"sceneViewState":{"showFog":true,"showMaterialUpdate":false,"showSkybox":false,"showFlares":true,"showImageEffects":true,"showParticleSystems":true},"in2DMode":false,"pivot":{"x":-3.0199999809265138,"y":-18.15999984741211,"z":-76.08500671386719},"rotation":{"x":-0.11431019008159638,"y":0.7106918096542358,"z":-0.11878567934036255,"w":-0.6839154958724976},"size":251.61936950683595,"orthographic":false}